timestamp,price,trailing_stop_loss,tsl_value,hold_value
2023-08-06,29046.8004570232,29046.8004570232,10000.0,10000.0
2023-08-07,29044.20437557756,29046.8004570232,9999.106241856316,9999.106241856316
2023-08-08,29178.147751873083,29046.8004570232,10000.0,10045.219195499421
2023-08-09,29779.56167125089,29046.8004570232,10252.26916655136,10252.26916655136
2023-08-10,29585.48807737921,29046.8004570232,10185.455062822852,10185.455062822852
2023-08-11,29423.81891597763,29046.8004570232,10129.796897772701,10129.796897772701
2023-08-12,29396.8479714205,29046.8004570232,10120.511556828855,10120.511556828855
2023-08-13,29412.142274584105,29046.8004570232,10125.776957121818,10125.776957121818
2023-08-14,29284.96971374381,29046.8004570232,10081.995005636849,10081.995005636849
2023-08-15,29400.58680419105,29046.8004570232,10121.798732253248,10121.798732253248
2023-08-16,29170.490397060614,29046.8004570232,10042.582982666341,10042.582982666341
2023-08-17,28754.197021112574,29046.8004570232,9899.26483078797,9899.26483078797
2023-08-18,26501.58726991974,29046.8004570232,10000.0,9123.754373267622
2023-08-19,26042.838256849,29046.8004570232,10000.0,8965.819934412819
2023-08-20,26104.778630797897,29046.8004570232,10000.0,8987.14427064756
2023-08-21,26160.70041981821,29046.8004570232,10000.0,9006.39657662978
2023-08-22,26119.005958595222,29046.8004570232,10000.0,8992.042341200417
2023-08-23,26033.675406585844,29046.8004570232,10000.0,8962.665421654447
2023-08-24,26450.00862461353,29046.8004570232,10000.0,9105.997290045143
2023-08-25,26134.934254516003,29046.8004570232,10000.0,8997.52600744598
2023-08-26,26044.036209289134,29046.8004570232,10000.0,8966.232355891703
2023-08-27,26002.01571731937,29046.8004570232,10000.0,8951.76587720606
2023-08-28,26082.717178218525,29046.8004570232,10000.0,8979.549130311187
2023-08-29,26109.2698239287,29046.8004570232,10000.0,8988.690462675644
2023-08-30,27730.50373550554,29046.8004570232,10000.0,9546.835899029493
2023-08-31,27297.261438480404,29046.8004570232,10000.0,9397.682708244798
2023-09-01,25927.417005779287,29046.8004570232,10000.0,8926.083629810015
2023-09-02,25812.33049442542,29046.8004570232,10000.0,8886.462566717662
2023-09-03,25853.65684277757,29046.8004570232,10000.0,8900.690071193862
2023-09-04,25959.59631146345,29046.8004570232,10000.0,8937.162063640197
2023-09-05,25829.364772941324,29046.8004570232,10000.0,8892.326991799906
2023-09-06,25784.41351983038,29046.8004570232,10000.0,8876.851534123438
2023-09-07,25752.958418589413,29046.8004570232,10000.0,8866.022423603157
2023-09-08,26192.333433090567,29046.8004570232,10000.0,9017.2869372804
2023-09-09,25907.22813724973,29046.8004570232,10000.0,8919.133167724036
2023-09-10,25889.3250094629,29046.8004570232,10000.0,8912.969622168193
2023-09-11,25834.580098562918,29046.8004570232,10000.0,8894.122482366693
2023-09-12,25133.303106566527,29046.8004570232,10000.0,8652.69245187711
2023-09-13,25866.806663158084,29046.8004570232,10000.0,8905.217186116543
2023-09-14,26223.436075660946,29046.8004570232,10000.0,9027.994706150295
2023-09-15,26531.39556626326,29046.8004570232,10000.0,9134.01653497718
2023-09-16,26634.631025000588,29046.8004570232,10000.0,9169.557612518602
2023-09-17,26557.768691994646,29046.8004570232,10000.0,9143.096063640036
2023-09-18,26520.98825478389,29046.8004570232,10000.0,9130.433589070703
2023-09-19,26741.461110948952,29046.8004570232,10000.0,9206.336219548462
2023-09-20,27219.296874634216,29046.8004570232,10000.0,9370.8416921537
2023-09-21,27115.846446970816,29046.8004570232,10000.0,9335.226606830804
2023-09-22,26561.13345419872,29046.8004570232,10000.0,9144.254457043486
2023-09-23,26572.0381115526,29046.8004570232,10000.0,9148.008625207383
2023-09-24,26573.9234797301,29046.8004570232,10000.0,9148.657704674944
2023-09-25,26249.562897845204,29046.8004570232,10000.0,9036.989439399114
2023-09-26,26298.634678281232,29046.8004570232,10000.0,9053.88347924651
2023-09-27,26204.75759083597,29046.8004570232,10000.0,9021.564226878538
2023-09-28,26350.146895428057,29046.8004570232,10000.0,9071.6176931139
2023-09-29,27009.01375072488,29046.8004570232,10000.0,9298.447101148586
2023-09-30,26917.199101637976,29046.8004570232,10000.0,9266.837888552951
2023-10-01,26969.876144072576,29046.8004570232,10000.0,9284.973119148326
2023-10-02,27967.510579087117,29046.8004570232,10000.0,9628.430718373622
2023-10-03,27615.06488509527,29046.8004570232,10000.0,9507.09353546657
2023-10-04,27439.12194670512,29046.8004570232,10000.0,9446.521308707734
2023-10-05,27792.1112772493,29046.8004570232,10000.0,9568.045650456303
2023-10-06,27435.874615135104,29046.8004570232,10000.0,9445.403343383181
2023-10-07,27958.196437350485,29046.8004570232,10000.0,9625.224120197547
2023-10-08,27977.543490700005,29046.8004570232,10000.0,9631.884768890384
2023-10-09,27948.10365174851,29046.8004570232,10000.0,9621.749456742993
2023-10-10,27593.782534439662,29046.8004570232,10000.0,9499.766618105363
2023-10-11,27392.247702732497,29046.8004570232,10000.0,9430.38381912709
2023-10-12,26842.1904390924,29046.8004570232,10000.0,9241.01450650557
2023-10-13,26729.137205815103,29046.8004570232,10000.0,9202.093444117108
2023-10-14,26841.136220644406,29046.8004570232,10000.0,9240.651568615196
2023-10-15,26863.18356907992,29046.8004570232,10000.0,9248.241853289797
2023-10-16,27150.29700140705,29046.8004570232,10000.0,9347.08696800456
2023-10-17,28513.30993247735,29046.8004570232,10000.0,9816.334151730347
2023-10-18,28417.72175169982,29046.8004570232,10000.0,9783.42581784381
2023-10-19,28328.245198134824,29046.8004570232,10000.0,9752.621546062695
2023-10-20,28715.748142407952,29046.8004570232,10000.0,9886.027958533656
2023-10-21,29677.392888476206,29046.8004570232,10000.0,10217.095315673756
2023-10-22,29920.07449265145,29046.8004570232,10300.643796180002,10300.643796180002
2023-10-23,30019.38050086351,29046.8004570232,10334.83207394195,10334.83207394195
2023-10-24,32953.262760830985,29046.8004570232,11344.885578564039,11344.885578564039
2023-10-25,33846.72425733224,29046.8004570232,11652.479352213288,11652.479352213288
2023-10-26,34471.986031672015,29301.188126921214,11867.739471917315,11867.739471917315
2023-10-27,34174.451552912586,29301.188126921214,11765.306682736402,11765.306682736402
2023-10-28,33899.09305644032,29301.188126921214,11670.508463263079,11670.508463263079
2023-10-29,34092.630932838576,29301.188126921214,11737.13813446718,11737.13813446718
2023-10-30,34556.242814761616,29372.806392547373,11896.746722892947,11896.746722892947
2023-10-31,34498.70391946407,29372.806392547373,11876.93769250329,11876.93769250329
2023-11-01,34672.2892841885,29471.445891560223,11936.698272668138,11936.698272668138
2023-11-02,35457.45491210553,30138.8366752897,12207.008811372305,12207.008811372305
2023-11-03,34924.05545044328,30138.8366752897,12023.374313503442,12023.374313503442
2023-11-04,34731.38136896784,30138.8366752897,11957.042022702424,11957.042022702424
2023-11-05,35048.407834901074,30138.8366752897,12066.185357233295,12066.185357233295
2023-11-06,35061.92874919579,30138.8366752897,12070.840229398895,12070.840229398895
2023-11-07,35031.26888208706,30138.8366752897,12060.284895721408,12060.284895721408
2023-11-08,35436.53762957962,30138.8366752897,12199.807576745154,12199.807576745154
2023-11-09,35795.0806307102,30425.81853610367,12323.243891757222,12323.243891757222
2023-11-10,36768.42081912672,31253.15769625771,12658.337662190435,12658.337662190435
2023-11-11,37344.249000720345,31742.611650612293,12856.57918020052,12856.57918020052
2023-11-12,37122.72282430656,31742.611650612293,12780.313921057246,12780.313921057246
2023-11-13,37067.69698212008,31742.611650612293,12761.37006448072,12761.37006448072
2023-11-14,36549.16204829837,31742.611650612293,12582.853007296086,12582.853007296086
2023-11-15,35545.201433454065,31742.611650612293,12237.217481507372,12237.217481507372
2023-11-16,37903.66245166294,32218.113083913497,13049.169566109042,13049.169566109042
2023-11-17,36201.51611146142,32218.113083913497,12463.168246369896,12463.168246369896
2023-11-18,36527.76022530742,32218.113083913497,12575.484958955403,12575.484958955403
2023-11-19,36582.36844192274,32218.113083913497,12594.285038742544,12594.285038742544
2023-11-20,37413.99460790531,32218.113083913497,12880.590639668546,12880.590639668546
2023-11-21,37489.298470802016,32218.113083913497,12906.515650930327,12906.515650930327
2023-11-22,35965.36036068078,32218.113083913497,12381.866434443986,12381.866434443986
2023-11-23,37464.83293220907,32218.113083913497,12898.092851101086,12898.092851101086
2023-11-24,37293.316127426726,32218.113083913497,12839.044418198428,12839.044418198428
2023-11-25,37738.93169747125,32218.113083913497,12992.457380395019,12992.457380395019
2023-11-26,37809.85286625321,32218.113083913497,13016.873552801648,13016.873552801648
2023-11-27,37491.838186008135,32218.113083913497,12907.390003756167,12907.390003756167
2023-11-28,37250.16905148115,32218.113083913497,12824.190088197634,12824.190088197634
2023-11-29,37802.23604377473,32218.113083913497,13014.251294116131,13014.251294116131
2023-11-30,37810.34641654128,32218.113083913497,13017.043468344944,13017.043468344944
2023-12-01,37711.81837585267,32218.113083913497,12983.1230230159,12983.1230230159
2023-12-02,38688.25874179069,32885.01993052209,13319.28409775552,13319.28409775552
2023-12-03,39481.666416062864,33559.41645365344,13592.432142217793,13592.432142217793
2023-12-04,39960.27542041052,33966.234107348944,13757.20381993004,13757.20381993004
2023-12-05,41974.331772543344,35678.18200666184,14450.587022363217,14450.587022363217
2023-12-06,44105.94477259938,37490.053056709476,15184.441686738355,15184.441686738355
2023-12-07,43788.28880825234,37490.053056709476,15075.08163353145,15075.08163353145
2023-12-08,43270.11955970747,37490.053056709476,14896.690471547348,14896.690471547348
2023-12-09,44202.17610943621,37571.84969302078,15217.571441245813,15217.571441245813
2023-12-10,43745.49199189547,37571.84969302078,15060.347888098733,15060.347888098733
2023-12-11,43757.959937619176,37571.84969302078,15064.640252671607,15064.640252671607
2023-12-12,41200.96272610168,37571.84969302078,14184.337716321432,14184.337716321432
2023-12-13,41450.81938737744,37571.84969302078,14270.356368064313,14270.356368064313
2023-12-14,42931.76182603245,37571.84969302078,14780.203378872326,14780.203378872326
2023-12-15,43009.5954563739,37571.84969302078,14806.99931822427,14806.99931822427
2023-12-16,41992.01418722399,37571.84969302078,14456.674582577227,14456.674582577227
2023-12-17,42247.06788172229,37571.84969302078,14544.48242732614,14544.48242732614
2023-12-18,41410.819634575855,37571.84969302078,14256.585573287528,14256.585573287528
2023-12-19,42684.182554683386,37571.84969302078,14694.968768707471,14694.968768707471
2023-12-20,42250.20618279751,37571.84969302078,14545.562856504517,14545.562856504517
2023-12-21,43634.1241684964,37571.84969302078,15022.007065134823,15022.007065134823
2023-12-22,43849.69959939619,37571.84969302078,15096.223649236315,15096.223649236315
2023-12-23,44003.6960216438,37571.84969302078,15149.240305055417,15149.240305055417
2023-12-24,43752.03088478376,37571.84969302078,15062.599045811598,15062.599045811598
2023-12-25,43034.97106309152,37571.84969302078,14815.735429024207,14815.735429024207
2023-12-26,43638.23630220092,37571.84969302078,15023.42275761724,15023.42275761724
2023-12-27,42516.42694028252,37571.84969302078,14637.21520832857,14637.21520832857
2023-12-28,43418.46777504291,37571.84969302078,14947.762607893288,14947.762607893288
2023-12-29,42600.65063315619,37571.84969302078,14666.211067269482,14666.211067269482
2023-12-30,42074.70715618848,37571.84969302078,14485.14345614106,14485.14345614106
2023-12-31,42220.61140121376,37571.84969302078,14535.374201947696,14535.374201947696
2024-01-01,42208.20217618648,37571.84969302078,14531.102053266248,14531.102053266248
2024-01-02,44168.68118687473,37571.84969302078,15206.040077365982,15206.040077365982
2024-01-03,44994.67388689237,38245.472803858516,15490.406233714166,15490.406233714166
2024-01-04,42821.558989158,38245.472803858516,14742.263628145733,14742.263628145733
2024-01-05,44195.57856209971,38245.472803858516,15215.300090448929,15215.300090448929
2024-01-06,44113.69973389081,38245.472803858516,15187.111502748867,15187.111502748867
2024-01-07,43956.12071720152,38245.472803858516,15132.861459986863,15132.861459986863
2024-01-08,43883.74387905174,38245.472803858516,15107.944141379994,15107.944141379994
2024-01-09,46936.18556121751,39895.757727034885,16158.814335046272,16158.814335046272
2024-01-10,46105.94607828697,39895.757727034885,15872.986130263807,15872.986130263807
2024-01-11,46632.31314804979,39895.757727034885,16054.199572529718,16054.199572529718
2024-01-12,46314.35554160269,39895.757727034885,15944.735672394643,15944.735672394643
2024-01-13,42893.92960550481,39895.757727034885,14767.17880476007,14767.17880476007
2024-01-14,42848.47451640749,39895.757727034885,14751.529890462409,14751.529890462409
2024-01-15,41800.93282193406,39895.757727034885,14390.89061935806,14390.89061935806
2024-01-16,42587.336038354406,39895.757727034885,14661.627225127733,14661.627225127733
2024-01-17,43148.00164342693,39895.757727034885,14854.648692639126,14854.648692639126
2024-01-18,42713.859186938986,39895.757727034885,14705.185602158546,14705.185602158546
2024-01-19,41261.39479801012,39895.757727034885,14205.142786400615,14205.142786400615
2024-01-20,41600.94093254464,39895.757727034885,14322.039012212783,14322.039012212783
2024-01-21,41626.10711003664,39895.757727034885,14330.703022394984,14330.703022394984
2024-01-22,41541.89945706261,39895.757727034885,14301.71268554235,14301.71268554235
2024-01-23,39504.73005758438,39895.757727034885,13600.372308142654,13600.372308142654
2024-01-24,39833.45410501688,39895.757727034885,13734.992184789331,13713.542792416429
2024-01-25,40123.67105847147,39895.757727034885,13734.992184789331,13813.456362547497
2024-01-26,39938.28644155878,39895.757727034885,13749.633630268609,13749.633630268609
2024-01-27,41862.9356109399,39895.757727034885,14412.236443349097,14412.236443349097
2024-01-28,42119.61049464309,39895.757727034885,14500.602418143106,14500.602418143106
2024-01-29,42026.57856232145,39895.757727034885,14468.574129017323,14468.574129017323
2024-01-30,43267.60927638767,39895.757727034885,14895.826251295788,14895.826251295788
2024-01-31,42892.03453014447,39895.757727034885,14766.526383381284,14766.526383381284
2024-02-01,42583.26354663417,39895.757727034885,14660.225180270412,14660.225180270412
2024-02-02,43069.0434209368,39895.757727034885,14827.465587702336,14827.465587702336
2024-02-03,43170.65856159975,39895.757727034885,14862.448835104504,14862.448835104504
2024-02-04,42976.84829990829,39895.757727034885,14795.725389271558,14795.725389271558
2024-02-05,42599.35997055978,39895.757727034885,14665.766728279952,14665.766728279952
2024-02-06,42648.45692113544,39895.757727034885,14682.669433501584,14682.669433501584
2024-02-07,43087.78740814285,39895.757727034885,14833.918617609635,14833.918617609635
2024-02-08,44247.415415479314,39895.757727034885,15233.146067480478,15233.146067480478
2024-02-09,45338.27118978949,39895.757727034885,15608.69716334874,15608.69716334874
2024-02-10,47143.24299107112,40071.756542410454,16230.098409917087,16230.098409917087
2024-02-11,47768.995251247936,40603.645963560746,16445.527390159736,16445.527390159736
2024-02-12,48189.88179303987,40961.39952408389,16590.426840415766,16590.426840415766
2024-02-13,50050.13609456397,42542.61568037937,17230.860303742124,17230.860303742124
2024-02-14,49732.14536955351,42542.61568037937,17121.385001813105,17121.385001813105
2024-02-15,51790.16929752642,44021.64390289746,17829.905009384303,17829.905009384303
2024-02-16,51958.23029105492,44164.49574739668,17887.76370324532,17887.76370324532
2024-02-17,52166.43430976192,44341.46916329763,17959.44251655044,17959.44251655044
2024-02-18,51684.51749264525,44341.46916329763,17793.53205153048,17793.53205153048
2024-02-19,52138.48578873693,44341.46916329763,17949.820623403775,17949.820623403775
2024-02-20,51764.313185487765,44341.46916329763,17821.003474057918,17821.003474057918
2024-02-21,52286.79372554667,44443.774666714664,18000.878892981236,18000.878892981236
2024-02-22,51842.75676625642,44443.774666714664,17848.009402261516,17848.009402261516
2024-02-23,51319.500125702674,44443.774666714664,17667.86679367096,17667.86679367096
2024-02-24,50841.081094770896,44443.774666714664,17503.160518485976,17503.160518485976
2024-02-25,51553.096712831146,44443.774666714664,17748.287557215674,17748.287557215674
2024-02-26,51751.88405493456,44443.774666714664,17816.72447246131,17816.72447246131
2024-02-27,54478.19108312296,46306.46242065452,18755.315637509648,18755.315637509648
2024-02-28,57003.52673730811,48452.99772671189,19624.717986288666,19624.717986288666
2024-02-29,62558.58202419311,53174.79472056414,21537.16796338824,21537.16796338824
2024-03-01,61298.21686110162,53174.79472056414,21103.25953173282,21103.25953173282
2024-03-02,62426.64052919186,53174.79472056414,21491.74420141609,21491.74420141609
2024-03-03,62067.86680212177,53174.79472056414,21368.228453924065,21368.228453924065
2024-03-04,63053.10543906421,53595.13962320457,21707.418526992584,21707.418526992584
2024-03-05,68186.64593432152,57958.6490441733,23474.752765010555,23474.752765010555
2024-03-06,64291.536557569496,57958.6490441733,22133.775681315874,22133.775681315874
2024-03-07,66145.91927850846,57958.6490441733,22772.1877238686,22772.1877238686
2024-03-08,66944.87639053575,57958.6490441733,23047.24628434909,23047.24628434909
2024-03-09,68315.25192078314,58067.964132665664,23519.028204796734,23519.028204796734
2024-03-10,68508.0039626159,58231.80336822351,23585.387335165655,23585.387335165655
2024-03-11,69075.66688195744,58714.316849663825,23780.81778203413,23780.81778203413
2024-03-12,72130.55300765681,61310.97005650829,24832.529529157287,24832.529529157287
2024-03-13,71467.17350326062,61310.97005650829,24604.14654240537,24604.14654240537
2024-03-14,73097.76702694128,62133.10197290008,25165.514231109413,25165.514231109413
2024-03-15,71420.03180142345,62133.10197290008,24587.916974571588,24587.916974571588
2024-03-16,69497.7631929463,62133.10197290008,23926.133721947503,23926.133721947503
2024-03-17,65292.31329331289,62133.10197290008,22478.315086688286,22478.315086688286
2024-03-18,68425.41565643054,62133.10197290008,23556.954494065805,23556.954494065805
2024-03-19,67708.94360930806,62133.10197290008,23310.293231603333,23310.293231603333
2024-03-20,62132.51737873437,62133.10197290008,21390.485837042128,21390.485837042128
2024-03-21,67819.05570684028,62133.10197290008,21390.687096442998,23348.20174331537
2024-03-22,65535.97844847657,62133.10197290008,22562.20217625748,22562.20217625748
2024-03-23,63509.04496523133,62133.10197290008,21864.385738180514,21864.385738180514
2024-03-24,64285.80279102199,62133.10197290008,22131.80170605619,22131.80170605619
2024-03-25,67310.98326810106,62133.10197290008,23173.286630206458,23173.286630206458
2024-03-26,69938.94530200244,62133.10197290008,24078.02036767597,24078.02036767597
2024-03-27,70082.05122475982,62133.10197290008,24127.28772948717,24127.28772948717
2024-03-28,69435.75040305211,62133.10197290008,23904.78445493066,23904.78445493066
2024-03-29,70710.19534863312,62133.10197290008,24343.540161421173,24343.540161421173
2024-03-30,69919.05546148612,62133.10197290008,24071.17285256127,24071.17285256127
2024-03-31,69702.3087473573,62133.10197290008,23996.553028443457,23996.553028443457
2024-04-01,71246.95144060145,62133.10197290008,24528.330253108725,24528.330253108725
2024-04-02,69785.92503802372,62133.10197290008,24025.339775813496,24025.339775813496
2024-04-03,65440.41922587159,62133.10197290008,22529.30381185884,22529.30381185884
2024-04-04,66123.938539074,62133.10197290008,22764.620370807814,22764.620370807814
2024-04-05,68542.17715279506,62133.10197290008,23597.15220759273,23597.15220759273
2024-04-06,67978.61023408506,62133.10197290008,23403.131899041422,23403.131899041422
2024-04-07,69000.6499164776,62133.10197290008,23754.991541518986,23754.991541518986
2024-04-08,69401.97360911008,62133.10197290008,23893.15605062775,23893.15605062775
2024-04-09,71624.18486236996,62133.10197290008,24658.201156558713,24658.201156558713
2024-04-10,69158.64381207665,62133.10197290008,23809.38441547177,23809.38441547177
2024-04-11,70527.88997578963,62133.10197290008,24280.77752664726,24280.77752664726
2024-04-12,70106.66413070948,62133.10197290008,24135.7612637706,24135.7612637706
2024-04-13,67252.10504226631,62133.10197290008,23153.016505818105,23153.016505818105
2024-04-14,64404.82548907413,62133.10197290008,22172.77788800375,22172.77788800375
2024-04-15,65752.66004728881,62133.10197290008,22636.799582995216,22636.799582995216
2024-04-16,63430.5714573684,62133.10197290008,21837.369506916406,21837.369506916406
2024-04-17,63720.501587480736,62133.10197290008,21937.184331802648,21937.184331802648
2024-04-18,61328.89798860725,62133.10197290008,21113.822184769608,21113.822184769608
2024-04-19,63461.59269510717,62133.10197290008,21390.687096442998,21848.049250382355
2024-04-20,63988.818471785664,62133.10197290008,22029.55832139297,22029.55832139297
2024-04-21,64894.41869109179,62133.10197290008,22341.331117383368,22341.331117383368
2024-04-22,64936.4207567739,62133.10197290008,22355.79125241416,22355.79125241416
2024-04-23,66841.66685207361,62133.10197290008,23011.714130432574,23011.714130432574
2024-04-24,66406.95244392671,62133.10197290008,22862.05413301217,22862.05413301217
2024-04-25,64279.51812857524,62133.10197290008,22129.638072765134,22129.638072765134
2024-04-26,64486.183359158975,62133.10197290008,22200.787124410086,22200.787124410086
2024-04-27,63802.330049258766,62133.10197290008,21965.355579750973,21965.355579750973
2024-04-28,63517.248743409626,62133.10197290008,21867.210069276956,21867.210069276956
2024-04-29,63030.433616681854,62133.10197290008,21699.613253425225,21699.613253425225
2024-04-30,63797.67963589958,62133.10197290008,21963.754572656897,21963.754572656897
2024-05-01,60749.47209216387,62133.10197290008,20914.34207428354,20914.34207428354
2024-05-02,58297.57407532549,62133.10197290008,21390.687096442998,20070.222247569356
2024-05-03,59135.1733607733,62133.10197290008,21390.687096442998,20358.584226262017
2024-05-04,62839.34073569376,62133.10197290008,21390.687096442998,21633.825325673653
2024-05-05,63820.451902924986,62133.10197290008,21971.594426502106,21971.594426502106
2024-05-06,64010.00865210892,62133.10197290008,22036.853507089792,22036.853507089792
2024-05-07,63172.48129551341,62133.10197290008,21748.516291486758,21748.516291486758
2024-05-08,62363.057191718624,62133.10197290008,21469.854238847816,21469.854238847816
2024-05-09,61215.50400879193,62133.10197290008,21074.78381289003,21074.78381289003
2024-05-10,63148.59994309703,62133.10197290008,21390.687096442998,21740.294610599147
2024-05-11,60888.21674957157,62133.10197290008,20962.107974563325,20962.107974563325
2024-05-12,60776.97207917213,62133.10197290008,21390.687096442998,20923.809549728536
2024-05-13,61507.05400412135,62133.10197290008,21390.687096442998,21175.15631200944
2024-05-14,62878.783300729294,62133.10197290008,21390.687096442998,21647.40429630551
2024-05-15,61569.1130057734,62133.10197290008,21196.52148844044,21196.52148844044
2024-05-16,66220.51831432826,62133.10197290008,21390.687096442998,22797.870082905072
2024-05-17,65260.879803346186,62133.10197290008,22467.493416324556,22467.493416324556
2024-05-18,67053.12326509564,62133.10197290008,23084.51265202358,23084.51265202358
2024-05-19,66912.61861403697,62133.10197290008,23036.140835214854,23036.140835214854
2024-05-20,66252.71259591613,62133.10197290008,22808.953672519532,22808.953672519532
2024-05-21,71430.29700215145,62133.10197290008,24591.45099572589,24591.45099572589
2024-05-22,70189.8358177002,62133.10197290008,24164.394946545326,24164.394946545326
2024-05-23,69181.20085677762,62133.10197290008,23817.150174297545,23817.150174297545
2024-05-24,67906.46534276106,62133.10197290008,23378.294433231462,23378.294433231462
2024-05-25,68539.91646552991,62133.10197290008,23596.37391627335,23596.37391627335
2024-05-26,69268.44558973772,62133.10197290008,23847.186092742053,23847.186092742053
2024-05-27,68508.83110875699,62133.10197290008,23585.672098419465,23585.672098419465
2024-05-28,69367.23871755725,62133.10197290008,23881.197800147038,23881.197800147038
2024-05-29,68316.63588049631,62133.10197290008,23519.504663370964,23519.504663370964
2024-05-30,67577.26558995963,62133.10197290008,23264.96017692034,23264.96017692034
2024-05-31,68372.49288434093,62133.10197290008,23538.734665631375,23538.734665631375
2024-06-01,67474.95483698409,62133.10197290008,23229.73744967817,23229.73744967817
2024-06-02,67704.32641811523,62133.10197290008,23308.703661970816,23308.703661970816
2024-06-03,67740.01690222476,62133.10197290008,23320.990896209347,23320.990896209347
2024-06-04,68808.29368590549,62133.10197290008,23688.768677883207,23688.768677883207
2024-06-05,70600.01116676089,62133.10197290008,24305.60683308945,24305.60683308945
2024-06-06,71184.59943059199,62133.10197290008,24506.86420210537,24506.86420210537
2024-06-07,70759.58819301432,62133.10197290008,24360.54473459414,24360.54473459414
2024-06-08,69325.36238847222,62133.10197290008,23866.780952705616,23866.780952705616
2024-06-09,69315.1041233966,62133.10197290008,23863.249319302206,23863.249319302206
2024-06-10,69654.16073760358,62133.10197290008,23979.97701697364,23979.97701697364
2024-06-11,69493.17760915738,62133.10197290008,23924.55503385905,23924.55503385905
2024-06-12,67329.15232724321,62133.10197290008,23179.54172848106,23179.54172848106
2024-06-13,68224.51967501991,62133.10197290008,23487.791633354907,23487.791633354907
2024-06-14,66700.31696564378,62133.10197290008,22963.051322754676,22963.051322754676
2024-06-15,66011.07873713733,62133.10197290008,22725.76590141327,22725.76590141327
2024-06-16,66190.4874891135,62133.10197290008,22787.53131073662,22787.53131073662
2024-06-17,66615.53782131766,62133.10197290008,22933.864237432987,22933.864237432987
2024-06-18,66460.38897909952,62133.10197290008,22880.45083568924,22880.45083568924
2024-06-19,65109.31481219048,62133.10197290008,22415.31383414305,22415.31383414305
2024-06-20,64907.07460760319,62133.10197290008,22345.688195034698,22345.688195034698
2024-06-21,64844.67441797763,62133.10197290008,22324.2055571387,22324.2055571387
2024-06-22,64071.624284709695,62133.10197290008,22058.066043972107,22058.066043972107
2024-06-23,64239.90348813148,62133.10197290008,22115.999861388853,22115.999861388853
2024-06-24,63221.35738437477,62133.10197290008,21765.342960204944,21765.342960204944
2024-06-25,60363.23497529626,62133.10197290008,20781.371450741346,20781.371450741346
2024-06-26,61770.41387009536,62133.10197290008,21390.687096442998,21265.823738999778
2024-06-27,60749.89619402014,62133.10197290008,21390.687096442998,20914.488080676532
2024-06-28,61562.64532550036,62133.10197290008,21390.687096442998,21194.29484723684
2024-06-29,60317.09697945116,62133.10197290008,21390.687096442998,20765.487430773857
2024-06-30,60864.44316193428,62133.10197290008,21390.687096442998,20953.923394071415
2024-07-01,62734.39383945474,62133.10197290008,21390.687096442998,21597.69504812577
2024-07-02,62819.82226921849,62133.10197290008,21627.105664241702,21627.105664241702
2024-07-03,62042.5650371006,62133.10197290008,21359.517764752425,21359.517764752425
2024-07-04,60244.68076433092,62133.10197290008,21390.687096442998,20740.55655577873
2024-07-05,57189.17412408636,62133.10197290008,21390.687096442998,19688.631182873927
2024-07-06,56739.86285107204,62133.10197290008,21390.687096442998,19533.945893635577
2024-07-07,58230.4841542266,62133.10197290008,21390.687096442998,20047.12506645361
2024-07-08,55880.3753776708,62133.10197290008,21390.687096442998,19238.04842476533
2024-07-09,56665.14073352028,62133.10197290008,21390.687096442998,19508.22116100545
2024-07-10,57988.30351208401,62133.10197290008,21390.687096442998,19963.749053146767
2024-07-11,57704.20228446288,62133.10197290008,21390.687096442998,19865.940956161536
2024-07-12,57388.19247916668,62133.10197290008,21390.687096442998,19757.147629418454
2024-07-13,57899.28895749592,62133.10197290008,21390.687096442998,19933.103834676047
2024-07-14,59152.71913887286,62133.10197290008,21390.687096442998,20364.624746327394
2024-07-15,60942.32773996293,62133.10197290008,21390.687096442998,20980.73687328538
2024-07-16,64835.48973321571,62133.10197290008,21390.687096442998,22321.043527373837
2024-07-17,65162.23625234354,62133.10197290008,22433.533204029023,22433.533204029023
2024-07-18,64136.31384360687,62133.10197290008,22080.33684759913,22080.33684759913
2024-07-19,63959.56900809379,62133.10197290008,22019.48855011639,22019.48855011639
2024-07-20,66689.54880734957,62133.10197290008,22959.34414739464,22959.34414739464
2024-07-21,67206.06470614894,62133.10197290008,23137.16610736011,23137.16610736011
2024-07-22,68088.13996324532,62133.10197290008,23440.83991763105,23440.83991763105
2024-07-23,67607.71339918874,62133.10197290008,23275.44250500813,23275.44250500813
2024-07-24,65942.41746522837,62133.10197290008,22702.12774821614,22702.12774821614
2024-07-25,65403.53513022529,62133.10197290008,22516.605650592894,22516.605650592894
2024-07-26,65749.96361965332,62133.10197290008,22635.871278468363,22635.871278468363
2024-07-27,67920.2964857025,62133.10197290008,23383.0561084328,23383.0561084328
2024-07-28,68055.40838968738,62133.10197290008,23429.571353437077,23429.571353437077
2024-07-29,68242.2474440493,62133.10197290008,23493.89480780113,23493.89480780113
2024-07-30,66770.32091848266,62133.10197290008,22987.15172339689,22987.15172339689
2024-07-31,66219.05102486102,62133.10197290008,22797.36493623,22797.36493623
2024-08-01,64679.77864703252,62133.10197290008,22267.436560777438,22267.436560777438
2024-08-02,65357.52960767435,62133.10197290008,22500.767237470936,22500.767237470936
2024-08-03,61407.29547397454,62133.10197290008,21140.812243617325,21140.812243617325
2024-08-04,60738.7449250574,62133.10197290008,21390.687096442998,20910.64901104157
